
INSERT INTO `Center` VALUES ('00101',1,'Anaiyur',1),('00102', 2,'Kumaram',1),('00103',3,'Vilangudi',1);

INSERT INTO `membergroup` VALUES ('0010101', 1,'0010101','00101'),('0010201',1,'0010201','00102'),('0010301',1,'0010301','00103');

-- Insert statements for Member table (53 records)


INSERT INTO Member (MemberCode, MemberId, GroupCode, MemberType, MemberName, Gender, DOB, Phone, MemberAadharNumber, AddressLine1, AddressLine2, City, NomineeName, NomineeAadharNumber, NomineeDOB) VALUES
('001010101', 1, '0010101', 1, 'Nathiya K', 0, '1987-11-11', '8110021378', '980120829037', 'U-308,CRI Camp, Anaiyur', NULL, 'Madurai', 'Keetheswaran', '335911595632', '1983-10-10'),
('001010102', 2, '0010101', 0, 'Mythili K', 0, '1981-05-21', '7871523605', '232765731770', 'U-56, Srilanka refugee camp, Anaiyur', NULL, 'Madurai', 'Kokilan', '605323249762', '1977-03-31'),
('001010103', 3, '0010101', 0, 'Megala R', 0, '1990-06-27', '9600709584', '271922346033', 'U85, CR Camp, Anaiyur', NULL, 'Madurai', 'Thiyaku P', '845723340853', '1972-02-02'),
('001010104', 4, '0010101', 0, 'Krishnarajeswari K', 0, '1978-09-16', '8124705816', '568417671631', 'U-65, Srilanka refugee Camp, Anaiyur', NULL, 'Madurai', 'Kathiresan A', '568417671631', '1973-06-03'),
('001010105', 5, '0010101', 0, 'Rajeeswari', 0, '1979-07-11', '6381469489', '520031686689', 'U /193 , Srilanka refugee camp', NULL, 'Madurai', 'Sivakumar', '422892420194', '1978-06-17'),
('001010106', 6, '0010101', 0, 'Subasini', 0, '1972-08-25', '8428129159', '544157461985', 'U /907 , Srilanka refugee camp', NULL, 'Madurai', 'Mohanraj', '653137743851', '1972-03-28'),
('001010107', 7, '0010101', 0, 'Rakini', 0, '1984-04-11', '9092983404', '430201311420', 'U232, CR Camp, Anaiyur', NULL, 'Madurai', 'Krishnaraja', '834373796306', '1978-07-31'),
('001010108', 8, '0010101', 0, 'Chandrakala V', 0, '1980-06-16', '8124932482', '787991056201', 'U-243, Srilanka Refugee Camp', 'Anaiyur', 'Madurai', 'Vasanthakumar', '233564223153', '1973-05-15'),
('001010109', 9, '0010101', 0, 'Maryvijayakumari', 0, '1990-03-25', '9150349833', '861458830975', 'U54, CR Camp, Anaiyur', NULL, 'Madurai', 'Nagaraja B', '813926577457', '1983-10-27'),
('001010110', 10, '0010101', 0, 'Chithra', 0, '1987-01-01', '9994469950', '925197339526', 'U-798, Srilanka refugee Camp, Anaiyur', NULL, 'Madurai', 'Anthonydass', '290862362989', '1982-12-31'),
('001010111', 11, '0010101', 0, 'Pavunthai', 0, '1984-01-01', '9092081467', '619684946761', 'C-72, TNHB Colony, Anaiyur', NULL, 'Madurai', 'Subramani', '619684946761', '1980-01-01'),
('001010112', 12, '0010101', 0, 'kalai vidhya', 0, '1990-01-01', '6384140059', '726645754412', '4/10 silaiyaneri colony', 'Madurai north anaiyur', 'Madurai', 'Lakshmanan', '886253181957', '1987-01-01'),
('001010113', 13, '0010101', 0, 'Eswari', 0, '1984-10-26', '8940210220', '906918701918', '1/2/37, Silaiyanary, North Street', 'Anaiyur', 'Madurai', 'Jeyaprakash M', '268676184382', '1980-01-01'),
('001010114', 14, '0010101', 0, 'Nishanthini', 0, '1985-01-01', NULL, NULL, 'Srilanka Refugee Camp, Anaiyur', NULL, 'Madurai', 'Nagaraja B', NULL, NULL),
('001010115', 15, '0010101', 0, 'Babyshalini', 0, '1992-04-18', '6380823031', '400963882128', 'U/139, Srilanka refugee Camp, Anaiyur', NULL, 'Madurai', 'Gunesh K', '992940119488', '1992-04-18'),
('001010116', 16, '0010101', 0, 'Vigneswari', 0, '1990-06-14', '9894771416', '202883641525', 'U-42, CR Camp, Anaiyur', NULL, 'Madurai', 'Rajeshwaran', '778258759480', '1986-06-16'),
('001010117', 17, '0010101', 0, 'Chandrakala .G', 0, '1980-02-12', '8189838633', '752583170693', 'U-179,CR Camp. Anaiyur', NULL, 'Madurai', 'Gethiswaran', '886150149102', '1979-11-03'),
('001010118', 18, '0010101', 0, 'Saraswathi .U', 0, '1970-09-07', '9944920751', '582368970489', 'U-188, CR Camp, Anaiyur', NULL, 'Madurai', 'Tamilselvi', '814104904991', '1992-11-06'),
('001010119', 19, '0010101', 0, 'Ventha', 0, '1988-01-02', '9894715128', '807967783441', 'U71, CR Camp, Anaiyur', NULL, 'Madurai', 'Yogeswaran J', '832525817057', '1981-10-09'),
('001010120', 20, '0010101', 0, 'Durga .V', 0, '1996-02-24', '9629056425', '364746161254', 'U-316, Cilon Refugee Camp, Anaiyur', NULL, 'Madurai', 'Vigneshwaran C', '569283857324', '1996-09-15'),
('001010121', 21, '0010101', 0, 'Thavamani', 0, '1988-02-10', '9791394733', '431914076986', '4/9, Colony Street, Narimedu', 'Nachikulam', 'Madurai', 'Periyasamy Malaiyalam', '477644181115', '1981-01-01'),
('001010122', 22, '0010101', 0, 'Susikala', 0, '1974-09-30', '9791688913', '908564400106', 'U33, Srilankan Refugee Camp, Anaiyur', NULL, 'Madurai', 'Vidhya', '827836845997', '1999-07-03'),
('001010123', 23, '0010101', 0, 'Bushpavalli.M', 0, '1975-05-28', '7826886548', '423192495430', 'U/151,cr camp anaiyur', NULL, 'Madurai', 'Shanmathi.M', '890270233955', '1998-06-04'),
('001010124', 24, '0010101', 0, 'Vasantha.R', 0, '1977-08-26', '9789173423', '220454549402', '3-8,silaiyaneri sanjeevi nagar', 'anaiyur', 'Madurai', 'Ajithkumar', '976817955700', '1998-06-04'),
('001010125', 25, '0010101', 0, 'Sathigini', 0, '1972-11-13', '9944913305', '562983473035', 'U-903, Srilankan refugee Camp', 'Anaiyur', 'Madurai', 'Suthan S', '896452401970', '1976-08-02'),
('001020101', 26, '0010201', 1, 'Shanthi .R', 0, '1989-04-09', '9788238069', '965146210428', 'no.4-7/31 South street', 'Vadipatti taluk, Kumaram', 'Madurai', 'Muralidharan', '882581896988', '1985-01-01'),
('001020102', 27, '0010201', 0, 'Palaniyammal Malaisamy', 0, '1968-06-08', '9843091524', '681239826665', 'No.3/183,South street,Kumaram', 'vadipatti', 'Madurai', 'Neela', '309171260715', '1991-09-10'),
('001020103', 28, '0010201', 0, 'Shanthi .B', 0, '1971-02-03', '7339173248', '850090590217', 'South street,Kumaram', NULL, 'Madurai', 'Senthilkumar', '807043761018', '1971-12-03'),
('001020104', 29, '0010201', 0, 'Nagarani .R', 0, '1966-09-14', '9787044914', '324764798431', 'South street,Kumaram,vadipatti', NULL, 'Madurai', 'karthikeyan', '608133076257', '1988-01-01'),
('001020105', 30, '0010201', 0, 'Angalaeswari .S', 0, '1971-10-12', '9976146528', '474195639577', 'South street,Kumaram,vadipatti', NULL, 'Madurai', 'Sathyamoorthy', '474195639577', '1971-10-12'),
('001020106', 31, '0010201', 0, 'Kalleeswari .R', 0, '1967-01-01', '7339252166', '774353631181', '4-7/41,south street,kumaram', 'vadipatti', 'Madurai', 'Kanagaraj', '297255849456', '1987-01-01'),
('001020107', 32, '0010201', 0, 'Kala .K', 0, '1981-01-01', '7305374345', '621586625126', 'South street,Kumaram,vadipatti', NULL, 'Madurai', 'Kumar', '602360544101', '1978-12-10'),
('001020108', 33, '0010201', 0, 'Devi .J', 0, '1973-10-28', '9698415533', '311723510716', '4-7/2526.South street,vadipatti', 'kumaram', 'Madurai', 'Kanagaraj', '794661479764', '1972-06-13'),
('001020109', 34, '0010201', 0, 'Nandhini G', 0, '1996-06-03', '8489769987', '825403796306', 'Meenabal street,Palamedu,Vadipatti', NULL, 'Madurai', 'Manikandan', '662392623045', '1994-06-01'),
('001020110', 35, '0010201', 0, 'Indhra', 0, '1969-01-01', '8523976617', '973676222076', 'South street,Kumaram ,Vadipatti', NULL, 'Madurai', 'Manikandan', '549065256763', '1968-01-01'),
('001030101', 36, '0010301', 0, 'Gokila', 0, '1995-01-01', '8940553177', '948169958786', '14-3-64/2,Servakara street', 'perumalpatti,vadipatti', 'Madurai', 'Arivanandam A', '404620089180', '1989-06-22'),
('001030102', 37, '0010301', 0, 'Banupriya', 0, '1988-06-18', '7845628107', '539869670873', '10/100 chokknathapuram 2nd street', 'New vilangudi', 'Madurai', 'Sakkanan', '783438994709', '1984-01-01'),
('001030103', 38, '0010301', 0, 'Eswari', 0, '1982-01-01', '8428521593', '428490756415', '6-5/21,Anna  Street,Thatheneri', NULL, 'Madurai', 'Tunaiselvi A', '584982501341', '1800-01-01'),
('001030104', 39, '0010301', 0, 'Saroja', 0, '1972-01-01', '9629656085', '516029064779', 'No 6/26 Anna main street', 'karisalkulam,vilangudi', 'Madurai', 'Meenakshisundaram', '516029064779', '1972-01-01'),
('001030105', 40, '0010301', 0, 'Anitha .A', 0, '1987-06-02', '8508581210', '746531998866', '3.Moovendar street,New vilangudi', NULL, 'Madurai', 'Arivazhagan S', '746531998866', '1983-05-26'),
('001030106', 41, '0010301', 0, 'Athilakshmi .P', 0, '1983-01-01', '8678903722', '834065174708', '45,Teachers colony,2nd street', 'Vilanguidi', 'Madurai', 'Prabu krishnan', '834065174708', '1983-01-01'),
('001030107', 42, '0010301', 0, 'Kalayani .R', 0, '1966-01-01', '9514387343', '944987577190', 'No.33 nehru nagar,santhi vidalayam', NULL, 'Madurai', 'Ramalakshmi M', '944987577190', '1966-01-01'),
('001030108', 43, '0010301', 1, 'Navamani .R', 0, '1977-01-01', '8608238952', '370830962887', '6-14/1 Anna Main street', 'karisalkulam,vilangudi', 'Madurai', 'Murugavel k', '370830962887', '1977-01-01'),
('001030109', 44, '0010301', 0, 'Mariathangam .S', 0, '1977-01-01', '9715662295', '390384632853', '9-6/1 Karisalkulam,Vilangudi', NULL, 'Madurai', 'Selvam M', '926439401032', '1979-01-01'),
('001030110', 45, '0010301', 0, 'Ganida nancy .S', 0, '1990-01-01', '9087315459', '844425737923', '7-19 Kondamari 4th street, Vilangudi', NULL, 'Madurai', 'Sudhakarapandian B', '241659834178', '1984-01-01'),
('001030111', 46, '0010301', 0, 'Grace Selvarani .S', 0, '1971-10-10', '8220553816', '936955178529', 'Chokkanathapuram 3rd street', 'balamurugan kovil opp, New Vilangudi', 'Madurai', 'Suriya', '268935887649', '1995-04-17'),
('001030112', 47, '0010301', 0, 'Fathimabeevi', 0, '1972-01-01', '9626848925', '202346537936', '6-5/5 voc street,thathaneri', 'karisalkulam, Vilangudi', 'Madurai', 'katharbasha M', '202346537936', '1972-01-01'),
('001030113', 48, '0010301', 0, 'Kaleeswari .R', 0, '1987-06-07', '8428437987', '612569663633', '6,Thaikkal 1st street,simmakkal', NULL, 'Madurai', 'Manickam', '294575775378', '1987-06-07'),
('001030114', 49, '0010301', 0, 'Katturani .S', 0, '1978-01-01', '7639397551', '706205466852', 'No.1/19,thirumal nagar,2nd street', 'Pandian nagar, Vilangudi', 'Madurai', 'Sakthivel', '950388257846', '1975-01-01'),
('001030115', 50, '0010301', 0, 'Latha .S', 0, '1974-01-01', '8428521572', '947825575086', '6/7 Jeevanandham streeet', 'karisalkulam,thathaneri', 'Madurai', 'Saravanan N', '669877663227', '1970-01-01'),
('001030116', 51, '0010301', 0, 'Sharmila .R', 0, '1980-01-01', '8248541874', '750680001816', '1/44 barathiyar street, Vilangudi', NULL, 'Madurai', 'Rajendran', '750680001816', '1980-01-01'),
('001030117', 52, '0010301', 0, 'Vijayalakshmi .C', 0, '1988-01-01', '8428020179', '942368643530', '12/95.chokkanathapuram 2nd street', 'balamurugan kovil st, Vilangudi', 'Madurai', 'Chandravanan K', '207868687817', '1988-01-31'),
('001030118', 53, '0010301', 0, 'Sathya .R', 0, '1991-06-02', '8012937423', '843273411609', 'No.6-9-44,Ganapathy street', 'karisalkulam,vilangudi', 'Madurai', 'Rajendran M', '843273411609', '1991-06-02');




INSERT INTO Loan (LoanCode, MemberCode, LoanCycle, BranchId, LoanPurpose, LoanAmount, ProcessingFeeRate, ProcessingFee, InsuranceRate, Insurance, Tenure, InterestRate, EWI, LoanStatus, LoanDate, LoanDisposalDate, ApprovedBy, StatusRemarks) VALUES
('001A00001', '001010101', 1, 1, '', 12000, 0.00, 0, 0.00, 0, 30, 78.25, 500, 'C', '2019-02-14', '2019-02-14', 'director', ''),
('001A00002', '001010102', 1, 1, '', 12000, 0.00, 0, 0.00, 0, 30, 78.25, 500, 'C', '2019-02-14', '2019-02-14', 'director', ''),
('001A00003', '001010103', 1, 1, '', 12000, 0.00, 0, 0.00, 0, 30, 78.25, 500, 'C', '2019-02-14', '2019-02-14', 'director', ''),
('001A00004', '001010104', 1, 1, '', 12000, 0.00, 0, 0.00, 0, 30, 78.25, 500, 'C', '2019-02-14', '2019-02-14', 'director', ''),
('001A00005', '001010105', 1, 1, '', 12000, 0.00, 0, 0.00, 0, 30, 78.25, 500, 'C', '2019-02-14', '2019-02-14', 'director', ''),
('001A00006', '001010106', 1, 1, '', 12000, 0.00, 0, 0.00, 0, 30, 78.25, 500, 'C', '2019-02-14', '2019-02-14', 'director', ''),
('001A00007', '001010107', 1, 1, '', 12000, 0.00, 0, 0.00, 0, 30, 78.25, 500, 'C', '2019-02-14', '2019-02-14', 'director', ''),
('001A00008', '001010108', 1, 1, '', 12000, 0.00, 0, 0.00, 0, 30, 78.25, 500, 'C', '2019-02-14', '2019-02-14', 'director', ''),
('001A00009', '001010109', 1, 1, '', 12000, 0.00, 0, 0.00, 0, 30, 78.25, 500, 'C', '2019-02-14', '2019-02-14', 'director', ''),
('001A00010', '001010110', 1, 1, '', 12000, 0.00, 0, 0.00, 0, 30, 78.25, 500, 'C', '2019-02-14', '2019-02-14', 'director', ''),
('001A00011', '001010111', 1, 1, '', 12000, 0.00, 0, 0.00, 0, 30, 78.25, 500, 'C', '2019-02-14', '2019-02-14', 'director', ''),
('001A00012', '001010112', 1, 1, '', 12000, 0.00, 0, 0.00, 0, 30, 78.25, 500, 'C', '2019-02-14', '2019-02-14', 'director', ''),
('001A00013', '001010113', 1, 1, '', 12000, 0.00, 0, 0.00, 0, 30, 78.25, 500, 'C', '2019-02-14', '2019-02-14', 'director', ''),
('001A00014', '001010114', 1, 1, '', 12000, 0.00, 0, 0.00, 0, 30, 78.25, 500, 'C', '2019-02-14', '2019-02-14', 'director', ''),
('001A00015', '001010115', 1, 1, '', 12000, 0.00, 0, 0.00, 0, 30, 78.25, 500, 'C', '2019-02-14', '2019-02-14', 'director', ''),
('001A00016', '001010116', 1, 1, '', 12000, 0.00, 0, 0.00, 0, 30, 78.25, 500, 'C', '2019-02-14', '2019-02-14', 'director', ''),
('001A00017', '001010117', 1, 1, '', 12000, 0.00, 0, 0.00, 0, 30, 78.25, 500, 'C', '2019-02-14', '2019-02-14', 'director', ''),
('001A00018', '001010118', 1, 1, '', 12000, 0.00, 0, 0.00, 0, 30, 78.25, 500, 'C', '2019-02-14', '2019-02-14', 'director', ''),
('001A00019', '001010119', 1, 1, '', 12000, 0.00, 0, 0.00, 0, 30, 78.25, 500, 'C', '2019-02-14', '2019-02-14', 'director', ''),
('001A00020', '001010120', 1, 1, '', 12000, 0.00, 0, 0.00, 0, 30, 78.25, 500, 'C', '2019-02-14', '2019-02-14', 'director', ''),
('001A00021', '001010121', 1, 1, '', 12000, 0.00, 0, 0.00, 0, 30, 78.25, 500, 'C', '2019-02-14', '2019-02-14', 'director', ''),
('001A00022', '001010122', 1, 1, '', 12000, 0.00, 0, 0.00, 0, 30, 78.25, 500, 'C', '2019-02-14', '2019-02-14', 'director', ''),
('001A00023', '001010123', 1, 1, '', 12000, 0.00, 0, 0.00, 0, 30, 78.25, 500, 'C', '2019-02-14', '2019-02-14', 'director', ''),
('001A00024', '001010124', 1, 1, '', 12000, 0.00, 0, 0.00, 0, 30, 78.25, 500, 'C', '2019-02-14', '2019-02-14', 'director', ''),
('001A00025', '001010125', 1, 1, '', 12000, 0.00, 0, 0.00, 0, 30, 78.25, 500, 'C', '2019-02-14', '2019-02-14', 'director', '');

INSERT INTO Loan (LoanCode, MemberCode, LoanCycle, BranchId, LoanPurpose, LoanAmount, ProcessingFeeRate, ProcessingFee, InsuranceRate, Insurance, Tenure, InterestRate, EWI, LoanStatus, LoanDate, LoanDisposalDate, ApprovedBy, StatusRemarks) VALUES
('001A00026', '001020101', 1, 1, '', 16000, 0.00, 0, 0.00, 0, 30, 69.01, 650, 'C', '2019-03-15', '2019-03-15', 'director', ''),
('001A00027', '001020102', 1, 1, '', 16000, 0.00, 0, 0.00, 0, 30, 69.01, 650, 'C', '2019-03-15', '2019-03-15', 'director', ''),
('001A00028', '001020103', 1, 1, '', 16000, 0.00, 0, 0.00, 0, 30, 69.01, 650, 'C', '2019-03-15', '2019-03-15', 'director', ''),
('001A00029', '001020104', 1, 1, '', 16000, 0.00, 0, 0.00, 0, 30, 69.01, 650, 'C', '2019-03-15', '2019-03-15', 'director', ''),
('001A00030', '001020105', 1, 1, '', 16000, 0.00, 0, 0.00, 0, 30, 69.01, 650, 'C', '2019-03-15', '2019-03-15', 'director', ''),
('001A00031', '001020106', 1, 1, '', 16000, 0.00, 0, 0.00, 0, 30, 69.01, 650, 'C', '2019-03-15', '2019-03-15', 'director', ''),
('001A00032', '001020107', 1, 1, '', 16000, 0.00, 0, 0.00, 0, 30, 69.01, 650, 'C', '2019-03-15', '2019-03-15', 'director', ''),
('001A00033', '001020108', 1, 1, '', 16000, 0.00, 0, 0.00, 0, 30, 69.01, 650, 'C', '2019-03-15', '2019-03-15', 'director', ''),
('001A00034', '001020109', 1, 1, '', 16000, 0.00, 0, 0.00, 0, 30, 69.01, 650, 'C', '2019-03-15', '2019-03-15', 'director', ''),
('001A00035', '001020110', 1, 1, '', 16000, 0.00, 0, 0.00, 0, 30, 69.01, 650, 'C', '2019-03-15', '2019-03-15', 'director', '');

INSERT INTO Loan (LoanCode, MemberCode, LoanCycle, BranchId, LoanPurpose, LoanAmount, ProcessingFeeRate, ProcessingFee, InsuranceRate, Insurance, Tenure, InterestRate, EWI, LoanStatus, LoanDate, LoanDisposalDate, ApprovedBy, StatusRemarks) VALUES
('001A00036', '001030101', 1, 1, '', 16000, 0.00, 0, 0.00, 0, 30, 69.01, 650, 'b', '2019-03-22', '2019-03-22', 'director', ''),
('001A00037', '001030102', 1, 1, '', 16000, 0.00, 0, 0.00, 0, 30, 69.01, 650, 'b', '2019-03-22', '2019-03-22', 'director', ''),
('001A00038', '001030103', 1, 1, '', 16000, 0.00, 0, 0.00, 0, 30, 69.01, 650, 'b', '2019-03-22', '2019-03-22', 'director', ''),
('001A00039', '001030104', 1, 1, '', 16000, 0.00, 0, 0.00, 0, 30, 69.01, 650, 'b', '2019-03-22', '2019-03-22', 'director', ''),
('001A00040', '001030105', 1, 1, '', 16000, 0.00, 0, 0.00, 0, 30, 69.01, 650, 'b', '2019-03-22', '2019-03-22', 'director', ''),
('001A00041', '001030106', 1, 1, '', 16000, 0.00, 0, 0.00, 0, 30, 69.01, 650, 'b', '2019-03-22', '2019-03-22', 'director', ''),
('001A00042', '001030107', 1, 1, '', 16000, 0.00, 0, 0.00, 0, 30, 69.01, 650, 'b', '2019-03-22', '2019-03-22', 'director', ''),
('001A00043', '001030108', 1, 1, '', 16000, 0.00, 0, 0.00, 0, 30, 69.01, 650, 'b', '2019-03-22', '2019-03-22', 'director', ''),
('001A00044', '001030109', 1, 1, '', 16000, 0.00, 0, 0.00, 0, 30, 69.01, 650, 'b', '2019-03-22', '2019-03-22', 'director', ''),
('001A00045', '001030110', 1, 1, '', 16000, 0.00, 0, 0.00, 0, 30, 69.01, 650, 'b', '2019-03-22', '2019-03-22', 'director', ''),
('001A00046', '001030111', 1, 1, '', 16000, 0.00, 0, 0.00, 0, 30, 69.01, 650, 'b', '2019-03-22', '2019-03-22', 'director', ''),
('001A00047', '001030112', 1, 1, '', 16000, 0.00, 0, 0.00, 0, 30, 69.01, 650, 'b', '2019-03-22', '2019-03-22', 'director', ''),
('001A00048', '001030113', 1, 1, '', 16000, 0.00, 0, 0.00, 0, 30, 69.01, 650, 'b', '2019-03-22', '2019-03-22', 'director', ''),
('001A00049', '001030114', 1, 1, '', 16000, 0.00, 0, 0.00, 0, 30, 69.01, 650, 'b', '2019-03-22', '2019-03-22', 'director', ''),
('001A00050', '001030115', 1, 1, '', 16000, 0.00, 0, 0.00, 0, 30, 69.01, 650, 'b', '2019-03-22', '2019-03-22', 'director', ''),
('001A00051', '001030116', 1, 1, '', 16000, 0.00, 0, 0.00, 0, 30, 69.01, 650, 'b', '2019-03-22', '2019-03-22', 'director', ''),
('001A00052', '001030117', 1, 1, '', 16000, 0.00, 0, 0.00, 0, 30, 69.01, 650, 'b', '2019-03-22', '2019-03-22', 'director', ''),
('001A00053', '001030118', 1, 1, '', 16000, 0.00, 0, 0.00, 0, 30, 69.01, 650, 'b', '2019-03-22', '2019-03-22', 'director', '');